{"cameraMode":{"drawMode":0,"name":"Shaded","section":"Shading Mode"},"sceneLighting":true,"audioPlay":false,"sceneViewState":{"m_AlwaysRefresh":false,"showFog":true,"showSkybox":true,"showFlares":true,"showImageEffects":true,"showParticleSystems":true,"showVisualEffectGraphs":true,"m_FxEnabled":true},"in2DMode":false,"pivot":{"x":21.66694450378418,"y":5.152112007141113,"z":7.5197834968566898},"rotation":{"x":0.038259107619524,"y":-0.5751058459281921,"z":0.026941027492284776,"w":0.8167374730110169},"size":0.28871089220046999,"orthographic":false}